{"type": "block", "layer": 1, "block": 0, "features": [{"geom": {"pts": [[394100.05833133875, 2845538.218745588, 1157.9627685546875]], "r": 40, "d": 0, "dd": 0}, "mtl": 0, "lbl": "Lawnongthroh\t", "lh": 50.0}], "featureCount": 1, "startIndex": 0}